[
	{
		"model": "movies.movie",
		"pk": 436270,
		"fields": {
			"title": "블랙 아담",
			"original_title": "Black Adam",
			"trim_title": "블랙아담",
			"trim_original_title": "BlackAdam",
			"release_date": "2022-10-19",
			"popularity": -30794103.263,
			"vote_average": 6.9,
			"vote_count": 1387,
			"overview": "기원전 가장 번성하고 위대한 고대 국가였지만 현재는 국제 군사 조직 인터갱의 독재 국가로 전락한 칸다크. 인터갱의 눈을 피해 고대 유물을 찾던 '아드리아나'는 우연히 5000년 동안 잠들어 있던 '블랙 아담'을 깨우게 된다.  엄청난 괴력과 스피드, 방탄 능력과 자유자재의 고공비행, 번개를 쏘는 능력까지. 온몸이 무기인 '블랙 아담'은 자신의 앞을 막아서는 인터갱들을 모조리 쓸어버리고 칸다크 국민들은 이에 열광한다. 한편, 그의 폭주를 막기 위해 호크맨, 닥터 페이트, 아톰 스매셔, 사이클론으로 구성된 히어로 군단 '저스티스 소사이어티'가 칸다크에 나타나는데...",
			"poster_path": "/mEdMHGy1FfCUc7PskFO0tibm8jp.jpg",
			"genres": [
				28,
				14,
				878
			],
			"actors": [
				18918,
				83860,
				1253353,
				164945,
				2042690
			],
			"directors": [
				59521
			],
			"video_url": [],
			"like_movie_users": [],
			"providers": [
				356
			]
		}
	},
	{
		"model": "movies.movie",
		"pk": 882598,
		"fields": {
			"title": "스마일",
			"original_title": "Smile",
			"trim_title": "스마일",
			"trim_original_title": "Smile",
			"release_date": "2022-09-23",
			"popularity": -2303873.796,
			"vote_average": 6.8,
			"vote_count": 812,
			"overview": "기괴한 미소를 지으며 자신의 눈 앞에서 목숨을 끊는 환자를 목격한 정신과 의사 ‘로즈’. 그날 이후로 ‘로즈’의 일상에 설명할 수 없는 끔찍한 일들이 잇따라 발생한다. 일상을 덮친 공포에 발버둥치던 ‘로즈’는 이전에도 자신과 같은 일을 겪은 사람들이 있었고 그들 모두 끔찍한 죽음을 피할 수 없었다는 사실을 알게 된다. 시시각각 다가오는 죽음에서 벗어나기 위해 사투를 벌이던 로즈는 잊고 싶던 과거와 마주하게 되는데…",
			"poster_path": "/8ncuVFt4e0M2NTTsoPtbxfWN5dO.jpg",
			"genres": [
				27,
				9648,
				53
			],
			"actors": [
				1396124,
				59219,
				145245,
				198847,
				53493
			],
			"directors": [
				2218465
			],
			"video_url": [],
			"like_movie_users": [],
			"providers": [
				356,
				3
			]
		}
	},
	{
		"model": "movies.movie",
		"pk": 505642,
		"fields": {
			"title": "블랙 팬서: 와칸다 포에버",
			"original_title": "Black Panther: Wakanda Forever",
			"trim_title": "블랙팬서:와칸다포에버",
			"trim_original_title": "BlackPanther:WakandaForever",
			"release_date": "2022-11-09",
			"popularity": -2991802.968,
			"vote_average": 7.5,
			"vote_count": 924,
			"overview": "국왕이자 블랙 팬서인 티찰라의 죽음 이후 수많은 강대국으로부터 위협을 받게 된 와칸다. 라몬다, 슈리 그리고 나키아, 오코예, 음바쿠는 각자 사명감을 갖고 와칸다를 지키기 위해 외로운 싸움을 이어간다. 한편, 비브라늄의 패권을 둘러싼 미스터리한 음모와 함께 깊은 해저에서 모습을 드러낸 최강의 적 네이머와 탈로칸의 전사들은 와칸다를 향해 무차별 공격을 퍼붓기 시작하는데…",
			"poster_path": "/3PCRWLeqp5y20k6XVzcamZR3BWF.jpg",
			"genres": [
				28,
				12,
				878
			],
			"actors": [
				1083010,
				1267329,
				82104,
				1447932,
				2133996
			],
			"directors": [
				1056121
			],
			"video_url": [],
			"like_movie_users": [],
			"providers": []
		}
	},
	{
		"model": "movies.movie",
		"pk": 966220,
		"fields": {
			"title": "Снайпер. Білий ворон",
			"original_title": "Снайпер. Білий ворон",
			"trim_title": "Снайпер.Білийворон",
			"trim_original_title": "Снайпер.Білийворон",
			"release_date": "2022-05-03",
			"popularity": -239225.52400000003,
			"vote_average": 7.4,
			"vote_count": 116,
			"overview": "",
			"poster_path": "/66mrr3AK6grmkfGJ1wlCP8dkzjM.jpg",
			"genres": [
				18,
				28,
				10752
			],
			"actors": [
				3258776,
				2232024,
				2039497,
				1916805,
				2342168
			],
			"directors": [
				3518356
			],
			"video_url": [],
			"like_movie_users": [],
			"providers": []
		}
	},
	{
		"model": "movies.movie",
		"pk": 663712,
		"fields": {
			"title": "테리파이어 2",
			"original_title": "Terrifier 2",
			"trim_title": "테리파이어2",
			"trim_original_title": "Terrifier2",
			"release_date": "2022-10-06",
			"popularity": -1214208.908,
			"vote_average": 7,
			"vote_count": 649,
			"overview": "",
			"poster_path": "/b6IRp6Pl2Fsq37r9jFhGoLtaqHm.jpg",
			"genres": [
				27,
				53
			],
			"actors": [
				1882502,
				1880016,
				2787720,
				3383606,
				3678959
			],
			"directors": [
				933176
			],
			"video_url": [],
			"like_movie_users": [],
			"providers": []
		}
	},
	{
		"model": "movies.movie",
		"pk": 1013860,
		"fields": {
			"title": "R.I.P.D.:알.아이.피.디.  2",
			"original_title": "R.I.P.D. 2: Rise of the Damned",
			"trim_title": "R.I.P.D.:알.아이.피.디.2",
			"trim_original_title": "R.I.P.D.2:RiseoftheDamned",
			"release_date": "2022-11-15",
			"popularity": -428677.449,
			"vote_average": 6.9,
			"vote_count": 129,
			"overview": "",
			"poster_path": "/g4yJTzMtOBUTAR2Qnmj8TYIcFVq.jpg",
			"genres": [
				14,
				28,
				35,
				80
			],
			"actors": [
				52886,
				1146114,
				3901,
				1180941,
				1474019
			],
			"directors": [
				1181315
			],
			"video_url": [],
			"like_movie_users": [],
			"providers": []
		}
	},
	{
		"model": "movies.movie",
		"pk": 551271,
		"fields": {
			"title": "미디벌",
			"original_title": "Medieval",
			"trim_title": "미디벌",
			"trim_original_title": "Medieval",
			"release_date": "2022-09-08",
			"popularity": -251996.397,
			"vote_average": 7.2,
			"vote_count": 159,
			"overview": "",
			"poster_path": "/4njdAkiBdC5LnFApeXSkFQ78GdT.jpg",
			"genres": [
				36,
				28,
				18
			],
			"actors": [
				11107,
				103994,
				3895,
				1844,
				1247
			],
			"directors": [
				53348
			],
			"video_url": [],
			"like_movie_users": [],
			"providers": []
		}
	},
	{
		"model": "movies.movie",
		"pk": 717728,
		"fields": {
			"title": "Jeepers Creepers: Reborn",
			"original_title": "Jeepers Creepers: Reborn",
			"trim_title": "JeepersCreepers:Reborn",
			"trim_original_title": "JeepersCreepers:Reborn",
			"release_date": "2022-09-15",
			"popularity": -718916.496,
			"vote_average": 5.8,
			"vote_count": 482,
			"overview": "",
			"poster_path": "/qVVegwPsW6n9unBtLWq1rzOutka.jpg",
			"genres": [
				27,
				53,
				9648
			],
			"actors": [
				1817397,
				2738561,
				3425159,
				3326872,
				1070855
			],
			"directors": [
				66212
			],
			"video_url": [],
			"like_movie_users": [],
			"providers": []
		}
	},
	{
		"model": "movies.movie",
		"pk": 862965,
		"fields": {
			"title": "에밀리 더 크리미널",
			"original_title": "Emily the Criminal",
			"trim_title": "에밀리더크리미널",
			"trim_original_title": "EmilytheCriminal",
			"release_date": "2022-08-12",
			"popularity": -272369.17500000005,
			"vote_average": 6.9,
			"vote_count": 195,
			"overview": "",
			"poster_path": "/iZvzMpREGiqDQ5eYbx8z70qPgst.jpg",
			"genres": [
				80,
				18,
				9648,
				53
			],
			"actors": [
				119592,
				51995,
				25382,
				11150,
				1807178
			],
			"directors": [
				1099792
			],
			"video_url": [],
			"like_movie_users": [],
			"providers": []
		}
	},
	{
		"model": "movies.movie",
		"pk": 829280,
		"fields": {
			"title": "에놀라 홈즈 2",
			"original_title": "Enola Holmes 2",
			"trim_title": "에놀라홈즈2",
			"trim_original_title": "EnolaHolmes2",
			"release_date": "2022-11-04",
			"popularity": -1473859.314,
			"vote_average": 7.7,
			"vote_count": 1038,
			"overview": "탐정이 된 후 첫 번째 사건을 수임한 에놀라. 하지만 실종된 소녀의 미스터리를 풀기 위해서는 친구들의 도움이 필요하다. 어쩌면 오빠 셜록의 도움까지도.",
			"poster_path": "/S6fDnntDjduIWuLW2GcqFasobD.jpg",
			"genres": [
				9648,
				12,
				80
			],
			"actors": [
				1356210,
				73968,
				1558986,
				1283,
				11207
			],
			"directors": [
				173847
			],
			"video_url": [],
			"like_movie_users": [],
			"providers": [
				8
			]
		}
	},
	{
		"model": "movies.movie",
		"pk": 676701,
		"fields": {
			"title": "Tadeo Jones 3: La Tabla Esmeralda",
			"original_title": "Tadeo Jones 3: La Tabla Esmeralda",
			"trim_title": "TadeoJones3:LaTablaEsmeralda",
			"trim_original_title": "TadeoJones3:LaTablaEsmeralda",
			"release_date": "2022-08-24",
			"popularity": -136358.282,
			"vote_average": 7.8,
			"vote_count": 101,
			"overview": "",
			"poster_path": "/8ZJjRunZbkMSXcRHiqAdQiecXYz.jpg",
			"genres": [
				12,
				16,
				35,
				10751,
				14
			],
			"actors": [
				1164823,
				1021607,
				114463,
				3641083,
				114460
			],
			"directors": [
				1074721
			],
			"video_url": [],
			"like_movie_users": [],
			"providers": []
		}
	},
	{
		"model": "movies.movie",
		"pk": 829799,
		"fields": {
			"title": "파라다이스 시티",
			"original_title": "Paradise City",
			"trim_title": "파라다이스시티",
			"trim_original_title": "ParadiseCity",
			"release_date": "2022-11-11",
			"popularity": -24222.086,
			"vote_average": 5.9,
			"vote_count": 14,
			"overview": "",
			"poster_path": "/xdmmd437QdjcCls8yCQxrH5YYM4.jpg",
			"genres": [
				80,
				28,
				53
			],
			"actors": [
				8891,
				62,
				1224115,
				3090866,
				10822
			],
			"directors": [
				26713
			],
			"video_url": [],
			"like_movie_users": [],
			"providers": []
		}
	},
	{
		"model": "movies.movie",
		"pk": 979924,
		"fields": {
			"title": "온 더 라인",
			"original_title": "On the Line",
			"trim_title": "온더라인",
			"trim_original_title": "OntheLine",
			"release_date": "2022-10-31",
			"popularity": -161967.627,
			"vote_average": 6.6,
			"vote_count": 129,
			"overview": "진행자가 전화를 받는데, 이 전화에서 정체를 알 수 없는 사람이  쇼맨의 온 가족을 죽이겠다고 협박합니다. 사랑하는 사람들을 구하기 위해  라디오 진행자는 생존 게임을 해야 할 것이고  이길 수 있는 유일한 방법은 범인의 신원을 알아내는 것입니다.",
			"poster_path": "/jVmWI8PqoVTHCnrLYAcyrclzeY0.jpg",
			"genres": [
				53
			],
			"actors": [
				2461,
				6863,
				5528,
				19197,
				34627
			],
			"directors": [
				1564258
			],
			"video_url": [],
			"like_movie_users": [],
			"providers": []
		}
	},
	{
		"model": "movies.movie",
		"pk": 948276,
		"fields": {
			"title": "사라진 탄환 2",
			"original_title": "Balle perdue 2",
			"trim_title": "사라진탄환2",
			"trim_original_title": "Balleperdue2",
			"release_date": "2022-11-10",
			"popularity": -138536.38400000002,
			"vote_average": 7,
			"vote_count": 109,
			"overview": "누명을 벗은 천재 자동차 정비공 리노. 이제 그의 마음속에 남은 목표는 단 하나. 동생과 멘토를 죽인 비리 경찰들에게 복수하는 것이다.",
			"poster_path": "/A84Usw0jwhh5RPAKZV7gwP532Fl.jpg",
			"genres": [
				28,
				18,
				53
			],
			"actors": [
				220692,
				1145003,
				83966,
				221633,
				126771
			],
			"directors": [
				1188208
			],
			"video_url": [],
			"like_movie_users": [],
			"providers": [
				8
			]
		}
	},
	{
		"model": "movies.movie",
		"pk": 675054,
		"fields": {
			"title": "MexZombies",
			"original_title": "MexZombies",
			"trim_title": "MexZombies",
			"trim_original_title": "MexZombies",
			"release_date": "2022-10-26",
			"popularity": -99360.699,
			"vote_average": 7.2,
			"vote_count": 87,
			"overview": "",
			"poster_path": "/85zufUxhD97k2s5Bu2u101Qd8Sg.jpg",
			"genres": [
				27,
				28,
				35
			],
			"actors": [
				1310902,
				2177750,
				1240118,
				3468540,
				2385744
			],
			"directors": [
				964826
			],
			"video_url": [],
			"like_movie_users": [],
			"providers": []
		}
	},
	{
		"model": "movies.movie",
		"pk": 49046,
		"fields": {
			"title": "서부 전선 이상 없다",
			"original_title": "Im Westen nichts Neues",
			"trim_title": "서부전선이상없다",
			"trim_original_title": "ImWestennichtsNeues",
			"release_date": "2022-10-07",
			"popularity": -937729.458,
			"vote_average": 7.8,
			"vote_count": 873,
			"overview": "제1차 세계대전 당시 서부전선에서 싸운 독일군 청년의 강렬한 이야기.  젊은 사병과 전우들은 참호 속에서 사투를 벌이며,  처음 전쟁에 대해 느꼈던 환상과 도취감이  어떻게 절망과 공포로 변해가는지를 생생하게 체험한다.",
			"poster_path": "/qYrbTmCQ6C4tVt7exVXTOJy7VUc.jpg",
			"genres": [
				10752,
				18,
				28
			],
			"actors": [
				3631223,
				1111158,
				1820948,
				212930,
				6086
			],
			"directors": [
				221522
			],
			"video_url": [],
			"like_movie_users": [],
			"providers": [
				8
			]
		}
	},
	{
		"model": "movies.movie",
		"pk": 760161,
		"fields": {
			"title": "오펀: 천사의 탄생",
			"original_title": "Orphan: First Kill",
			"trim_title": "오펀:천사의탄생",
			"trim_original_title": "Orphan:FirstKill",
			"release_date": "2022-07-27",
			"popularity": -1116240.385,
			"vote_average": 6.8,
			"vote_count": 1313,
			"overview": "엄청난 비밀을 숨긴 사이코패스가 에스토니아의 정신병동을 탈출, 부유한 가족의 실종된 딸 ‘에스더’로 사칭해 미국에 온다. 재회의 기쁨도 잠시, 어딘지 낯선 딸의 정체를 눈치챈 엄마는 가족을 지키기 위해 에스더와 맞서는데...  누구도 상상 못한 충격적인 반전이 기다린다!",
			"poster_path": "/vKIhsEVEtLTwTkmLSDNi230Zr3Q.jpg",
			"genres": [
				27,
				53
			],
			"actors": [
				77517,
				12041,
				58014,
				2563029,
				60719
			],
			"directors": [
				62768
			],
			"video_url": [],
			"like_movie_users": [],
			"providers": [
				356,
				3
			]
		}
	},
	{
		"model": "movies.movie",
		"pk": 896485,
		"fields": {
			"title": "오버도즈",
			"original_title": "Overdose",
			"trim_title": "오버도즈",
			"trim_original_title": "Overdose",
			"release_date": "2022-11-04",
			"popularity": -69944.96,
			"vote_average": 6.5,
			"vote_count": 80,
			"overview": "툴루즈 경찰서의 사라 벨라이슈 경감은 파리에서 온 리샤르 크로스 반장의 지휘하에 긴밀하게 얽힌 두 10대의 살인 사건을 수사한다. 상반되는 수사 방식에도 범인을 찾기 위해 어쩔 수 없이 합동 수사를 벌여야 하는 사라와 리샤르는 스페인과 프랑스에서 시간에 쫓기는 싸움을 벌인다.",
			"poster_path": "/9RvM4wawLRlX608FgZr9kL8CLmy.jpg",
			"genres": [
				28,
				80,
				53
			],
			"actors": [
				1018984,
				20671,
				110424,
				26282,
				1003260
			],
			"directors": [
				52342
			],
			"video_url": [],
			"like_movie_users": [],
			"providers": [
				119
			]
		}
	},
	{
		"model": "movies.movie",
		"pk": 985939,
		"fields": {
			"title": "폴: 600미터",
			"original_title": "Fall",
			"trim_title": "폴:600미터",
			"trim_original_title": "Fall",
			"release_date": "2022-08-11",
			"popularity": -2044791.287,
			"vote_average": 7.3,
			"vote_count": 1771,
			"overview": "내려갈 길이 끊겨버린 600미터 TV 타워 위에서  두 명의 친구가 살아남기 위해 펼치는 사상 최초의 고공 서바이벌 여기에서",
			"poster_path": "/8huJowZK1t7MNLEKo3dgLAxmiLW.jpg",
			"genres": [
				53
			],
			"actors": [
				54633,
				1279279,
				47296,
				2174509,
				945542
			],
			"directors": [
				90812
			],
			"video_url": [],
			"like_movie_users": [],
			"providers": []
		}
	},
	{
		"model": "movies.movie",
		"pk": 732459,
		"fields": {
			"title": "47 로닌의 검",
			"original_title": "Blade of the 47 Ronin",
			"trim_title": "47로닌의검",
			"trim_original_title": "Bladeofthe47Ronin",
			"release_date": "2022-10-25",
			"popularity": -68658.88,
			"vote_average": 6.9,
			"vote_count": 80,
			"overview": "",
			"poster_path": "/kjFDIlUCJkcpFxYKtE6OsGcAfQQ.jpg",
			"genres": [
				28,
				14
			],
			"actors": [
				1267375,
				18702,
				2252174,
				61632,
				101626
			],
			"directors": [
				61703
			],
			"video_url": [],
			"like_movie_users": [],
			"providers": []
		}
	},
	{
		"model": "movies.actor",
		"pk": 18918,
		"fields": {
			"name": "Dwayne Johnson",
			"profile_path": "/cgoy7t5Ve075naBPcewZrc08qGw.jpg"
		}
	},
	{
		"model": "movies.actor",
		"pk": 83860,
		"fields": {
			"name": "Aldis Hodge",
			"profile_path": "/jPpnaAGFXaIeOrRNUHIHxk3fIJL.jpg"
		}
	},
	{
		"model": "movies.actor",
		"pk": 1253353,
		"fields": {
			"name": "Noah Centineo",
			"profile_path": "/p1bcst401RyxfDGykx2iQLI7CV5.jpg"
		}
	},
	{
		"model": "movies.actor",
		"pk": 164945,
		"fields": {
			"name": "Sarah Shahi",
			"profile_path": "/shiLCJNyvi9xlUZw4bTuRkhrKpm.jpg"
		}
	},
	{
		"model": "movies.actor",
		"pk": 2042690,
		"fields": {
			"name": "Quintessa Swindell",
			"profile_path": "/xKUFfFJR6o5Ka7AmetGMYjSmBGO.jpg"
		}
	},
	{
		"model": "movies.actor",
		"pk": 1396124,
		"fields": {
			"name": "Sosie Bacon",
			"profile_path": "/pDvjTHGv8NhBkbIcBJFGt9zDw8.jpg"
		}
	},
	{
		"model": "movies.actor",
		"pk": 59219,
		"fields": {
			"name": "Kyle Gallner",
			"profile_path": "/v7wfYXfakHyeNudiATORtlQ6mny.jpg"
		}
	},
	{
		"model": "movies.actor",
		"pk": 145245,
		"fields": {
			"name": "Caitlin Stasey",
			"profile_path": "/8Cxs1enzkEsvIlfBaiuadsNTX8J.jpg"
		}
	},
	{
		"model": "movies.actor",
		"pk": 198847,
		"fields": {
			"name": "Jessie T. Usher",
			"profile_path": "/iiu9dkYEkHJPMf7TzbrhhgwRvlt.jpg"
		}
	},
	{
		"model": "movies.actor",
		"pk": 53493,
		"fields": {
			"name": "Kal Penn",
			"profile_path": "/yICM1JcxKbEpaqTUreY0yFMIc8W.jpg"
		}
	},
	{
		"model": "movies.actor",
		"pk": 1083010,
		"fields": {
			"name": "Letitia Wright",
			"profile_path": "/kfA5KhyU6OSy4NrMzHCxYU7A0DW.jpg"
		}
	},
	{
		"model": "movies.actor",
		"pk": 1267329,
		"fields": {
			"name": "Lupita Nyong'o",
			"profile_path": "/mJMpsADPpt0bmXEzs3ywrUiCkpD.jpg"
		}
	},
	{
		"model": "movies.actor",
		"pk": 82104,
		"fields": {
			"name": "Danai Gurira",
			"profile_path": "/bCjz32aVpyufnPjzLPOtV5DEXKK.jpg"
		}
	},
	{
		"model": "movies.actor",
		"pk": 1447932,
		"fields": {
			"name": "Winston Duke",
			"profile_path": "/MhBiZbryibwuoEtPL9Ns8pYHC1.jpg"
		}
	},
	{
		"model": "movies.actor",
		"pk": 2133996,
		"fields": {
			"name": "Dominique Thorne",
			"profile_path": "/tuLlp79SfYc4mLzzjdC2ekLI7qd.jpg"
		}
	},
	{
		"model": "movies.actor",
		"pk": 3258776,
		"fields": {
			"name": "Pavlo Aldoshyn",
			"profile_path": "/Vi4YZuPX6oFVNeaugZ8YalOFSg.jpg"
		}
	},
	{
		"model": "movies.actor",
		"pk": 2232024,
		"fields": {
			"name": "Maryna Koshkina",
			"profile_path": "/eLPvR0xFkOOKtVjL7UWD6sFs5dF.jpg"
		}
	},
	{
		"model": "movies.actor",
		"pk": 2039497,
		"fields": {
			"name": "Andrei Mostrenko",
			"profile_path": "/ovCSFuWwBqgb42uPOxxbIaKttce.jpg"
		}
	},
	{
		"model": "movies.actor",
		"pk": 1916805,
		"fields": {
			"name": "Roman Semysal",
			"profile_path": null
		}
	},
	{
		"model": "movies.actor",
		"pk": 2342168,
		"fields": {
			"name": "Roman Yasinovskyi",
			"profile_path": "/oNGKZ1TJypBbXQjUmSC7ycOU4PF.jpg"
		}
	},
	{
		"model": "movies.actor",
		"pk": 1882502,
		"fields": {
			"name": "Lauren LaVera",
			"profile_path": "/wrVoBR5YhdEcadqwPICkcXXTbWk.jpg"
		}
	},
	{
		"model": "movies.actor",
		"pk": 1880016,
		"fields": {
			"name": "David Howard Thornton",
			"profile_path": "/9nYijs4ACzjg93zKezLiLmuRGvp.jpg"
		}
	},
	{
		"model": "movies.actor",
		"pk": 2787720,
		"fields": {
			"name": "Elliott Fullam",
			"profile_path": "/dNsFLihmWfA2KCENbZCtq9AjSob.jpg"
		}
	},
	{
		"model": "movies.actor",
		"pk": 3383606,
		"fields": {
			"name": "Sarah Voigt",
			"profile_path": null
		}
	},
	{
		"model": "movies.actor",
		"pk": 3678959,
		"fields": {
			"name": "Kailey Hyman",
			"profile_path": null
		}
	},
	{
		"model": "movies.actor",
		"pk": 52886,
		"fields": {
			"name": "Jeffrey Donovan",
			"profile_path": "/wlDXfXpu6Uz32LUmbFzU8QPDoQH.jpg"
		}
	},
	{
		"model": "movies.actor",
		"pk": 1146114,
		"fields": {
			"name": "Penelope Mitchell",
			"profile_path": "/lGXfmQsOp0QWasXOG8hHHVhMbG6.jpg"
		}
	},
	{
		"model": "movies.actor",
		"pk": 3901,
		"fields": {
			"name": "Richard Brake",
			"profile_path": "/JwsiErANShzPSdYsNoiNYdrSg1.jpg"
		}
	},
	{
		"model": "movies.actor",
		"pk": 1180941,
		"fields": {
			"name": "Kerry Knuppe",
			"profile_path": "/fJGFRIcMiVyyxoSXs3zfBDjcjht.jpg"
		}
	},
	{
		"model": "movies.actor",
		"pk": 1474019,
		"fields": {
			"name": "Jake Choi",
			"profile_path": "/ftutoBlPWjWVjdT86wBZxLB13kU.jpg"
		}
	},
	{
		"model": "movies.actor",
		"pk": 11107,
		"fields": {
			"name": "Ben Foster",
			"profile_path": "/4le1PMWTGp7y2IBmZEIOHfE3HAB.jpg"
		}
	},
	{
		"model": "movies.actor",
		"pk": 103994,
		"fields": {
			"name": "Sophie Lowe",
			"profile_path": "/5nco3uflgKK5JGmoLbc0Yna34ZQ.jpg"
		}
	},
	{
		"model": "movies.actor",
		"pk": 3895,
		"fields": {
			"name": "Michael Caine",
			"profile_path": "/hZruclwEPCKw3e83rnFSIH5sRFZ.jpg"
		}
	},
	{
		"model": "movies.actor",
		"pk": 1844,
		"fields": {
			"name": "Til Schweiger",
			"profile_path": "/oBoY5DNa2DmAxixjmJFXgjA2z7A.jpg"
		}
	},
	{
		"model": "movies.actor",
		"pk": 1247,
		"fields": {
			"name": "Matthew Goode",
			"profile_path": "/3XaKKl0bKswTWbJ0Lh9nZ4UdAQo.jpg"
		}
	},
	{
		"model": "movies.actor",
		"pk": 1817397,
		"fields": {
			"name": "Sydney Craven",
			"profile_path": "/zt0pdMqP5VfJc7Fp2ijh4Evxe0m.jpg"
		}
	},
	{
		"model": "movies.actor",
		"pk": 2738561,
		"fields": {
			"name": "Imran Adams",
			"profile_path": "/rMur2CMkMWndIfP4k6c1Jt1wXLU.jpg"
		}
	},
	{
		"model": "movies.actor",
		"pk": 3425159,
		"fields": {
			"name": "Jarreau Benjamin",
			"profile_path": "/jugGpoY0ecVwCSN0V2vGWQcGvWU.jpg"
		}
	},
	{
		"model": "movies.actor",
		"pk": 3326872,
		"fields": {
			"name": "Matt Barkley",
			"profile_path": "/k1xY3jyYCf24NItpLSnrT01AjgU.jpg"
		}
	},
	{
		"model": "movies.actor",
		"pk": 1070855,
		"fields": {
			"name": "Peter Brooke",
			"profile_path": "/5fRrmo1Xi9IkiVyypMgOPgZq5ed.jpg"
		}
	},
	{
		"model": "movies.actor",
		"pk": 119592,
		"fields": {
			"name": "Aubrey Plaza",
			"profile_path": "/4pPvrQmrzQCYpgLo8WM1AW8myoe.jpg"
		}
	},
	{
		"model": "movies.actor",
		"pk": 51995,
		"fields": {
			"name": "Theo Rossi",
			"profile_path": "/344QE41Jileu4OE41cmYgBxc5BF.jpg"
		}
	},
	{
		"model": "movies.actor",
		"pk": 25382,
		"fields": {
			"name": "Megalyn Echikunwoke",
			"profile_path": "/6MlcgFphohSBTvOTDMEQwQzs66A.jpg"
		}
	},
	{
		"model": "movies.actor",
		"pk": 11150,
		"fields": {
			"name": "Gina Gershon",
			"profile_path": "/khuZCNBmgNJ5jC4ejCkcsc8k79p.jpg"
		}
	},
	{
		"model": "movies.actor",
		"pk": 1807178,
		"fields": {
			"name": "Jonathan Avigdori",
			"profile_path": "/7TBQdiIPB0Kkjuc4l7Xdw9O5D3p.jpg"
		}
	},
	{
		"model": "movies.actor",
		"pk": 1356210,
		"fields": {
			"name": "Millie Bobby Brown",
			"profile_path": "/2685xGmq68G6tmnUbfgSR6rywEV.jpg"
		}
	},
	{
		"model": "movies.actor",
		"pk": 73968,
		"fields": {
			"name": "Henry Cavill",
			"profile_path": "/iWdKjMry5Pt7vmxU7bmOQsIUyHa.jpg"
		}
	},
	{
		"model": "movies.actor",
		"pk": 1558986,
		"fields": {
			"name": "Louis Partridge",
			"profile_path": "/wuZNRskGHWWLo3uS22VcgKcJgZB.jpg"
		}
	},
	{
		"model": "movies.actor",
		"pk": 1283,
		"fields": {
			"name": "Helena Bonham Carter",
			"profile_path": "/DDeITcCpnBd0CkAIRPhggy9bt5.jpg"
		}
	},
	{
		"model": "movies.actor",
		"pk": 11207,
		"fields": {
			"name": "David Thewlis",
			"profile_path": "/sNuYyT8ocLlQr3TdAW9CoKVbCU8.jpg"
		}
	},
	{
		"model": "movies.actor",
		"pk": 1164823,
		"fields": {
			"name": "Óscar Barberán",
			"profile_path": "/3Knf7YGrqS8sfXNPo7k15TIJe92.jpg"
		}
	},
	{
		"model": "movies.actor",
		"pk": 1021607,
		"fields": {
			"name": "Luis Posada",
			"profile_path": "/tTqHaQkpTbUDg4hPBHRoR4cJiFN.jpg"
		}
	},
	{
		"model": "movies.actor",
		"pk": 114463,
		"fields": {
			"name": "Michelle Jenner",
			"profile_path": "/g3JyHqwBcV7g1ds3dHtWkDXyXqb.jpg"
		}
	},
	{
		"model": "movies.actor",
		"pk": 3641083,
		"fields": {
			"name": "Anuska Alborg",
			"profile_path": null
		}
	},
	{
		"model": "movies.actor",
		"pk": 114460,
		"fields": {
			"name": "Alexandra Jiménez",
			"profile_path": "/wkVjpWajYRV1Bj7OyJmmFcb5ixF.jpg"
		}
	},
	{
		"model": "movies.actor",
		"pk": 8891,
		"fields": {
			"name": "John Travolta",
			"profile_path": "/sHjkE7GZbKAa9aZeiKrEBhMDT14.jpg"
		}
	},
	{
		"model": "movies.actor",
		"pk": 62,
		"fields": {
			"name": "Bruce Willis",
			"profile_path": "/caX3KtMU42EP3VLRFFBwqIIrch5.jpg"
		}
	},
	{
		"model": "movies.actor",
		"pk": 1224115,
		"fields": {
			"name": "Blake Jenner",
			"profile_path": "/kszxYaWRtBaaRueetSb6SJiiNBt.jpg"
		}
	},
	{
		"model": "movies.actor",
		"pk": 3090866,
		"fields": {
			"name": "Praya Lundberg",
			"profile_path": "/sgNYD8iaUY2kLDtsmkn8Gpr0PA6.jpg"
		}
	},
	{
		"model": "movies.actor",
		"pk": 10822,
		"fields": {
			"name": "Stephen Dorff",
			"profile_path": "/bhlM1xNzBvc8jTw42YloUKlGTCL.jpg"
		}
	},
	{
		"model": "movies.actor",
		"pk": 2461,
		"fields": {
			"name": "Mel Gibson",
			"profile_path": "/oSOYCghY3XcXBYqMA0fsEi8WKaa.jpg"
		}
	},
	{
		"model": "movies.actor",
		"pk": 6863,
		"fields": {
			"name": "Kevin Dillon",
			"profile_path": "/tIadFMFzA6LcXaAaVpJmrd7waXQ.jpg"
		}
	},
	{
		"model": "movies.actor",
		"pk": 5528,
		"fields": {
			"name": "William Moseley",
			"profile_path": "/wPahfIdOR6ohIgmgVrCb3RPApAU.jpg"
		}
	},
	{
		"model": "movies.actor",
		"pk": 19197,
		"fields": {
			"name": "John Robinson",
			"profile_path": "/prehpEqJzLvsGHzu7gbhFsDSo1J.jpg"
		}
	},
	{
		"model": "movies.actor",
		"pk": 34627,
		"fields": {
			"name": "Nadia Farès",
			"profile_path": "/uvomxwk2CfO8scOsR60CxHGM2J3.jpg"
		}
	},
	{
		"model": "movies.actor",
		"pk": 220692,
		"fields": {
			"name": "Alban Lenoir",
			"profile_path": "/jOWPgqzpvsaxzgBNzDqs2RR5jI6.jpg"
		}
	},
	{
		"model": "movies.actor",
		"pk": 1145003,
		"fields": {
			"name": "Stéfi Celma",
			"profile_path": "/kyB5o93J4vhPLriy1NrSDuxY9IP.jpg"
		}
	},
	{
		"model": "movies.actor",
		"pk": 83966,
		"fields": {
			"name": "Pascale Arbillot",
			"profile_path": "/sFLTfpEqhkEYwYKWxrWlGW2CVXt.jpg"
		}
	},
	{
		"model": "movies.actor",
		"pk": 221633,
		"fields": {
			"name": "Sébastien Lalanne",
			"profile_path": "/28oNL7uSHSJiaDnHWqnx56E1cvW.jpg"
		}
	},
	{
		"model": "movies.actor",
		"pk": 126771,
		"fields": {
			"name": "Diego Martín",
			"profile_path": "/vLCrfjWAS6cjN3CUE7p3HYPYoev.jpg"
		}
	},
	{
		"model": "movies.actor",
		"pk": 1310902,
		"fields": {
			"name": "Bárbara de Regil",
			"profile_path": "/70TU7lNXo7AOY1zpe44OPpWb0it.jpg"
		}
	},
	{
		"model": "movies.actor",
		"pk": 2177750,
		"fields": {
			"name": "Iñaki Godoy",
			"profile_path": "/cjgF30gIyrHMzEk2dvilmRanDAL.jpg"
		}
	},
	{
		"model": "movies.actor",
		"pk": 1240118,
		"fields": {
			"name": "Sara Maldonado",
			"profile_path": "/4WqPvFBFkPOP6TMVNW00wInEVCA.jpg"
		}
	},
	{
		"model": "movies.actor",
		"pk": 3468540,
		"fields": {
			"name": "Vincent Michael Webb",
			"profile_path": null
		}
	},
	{
		"model": "movies.actor",
		"pk": 2385744,
		"fields": {
			"name": "Mayra Batalla",
			"profile_path": "/geLzEUg9FDLQr4C2UoipPvmRKS1.jpg"
		}
	},
	{
		"model": "movies.actor",
		"pk": 3631223,
		"fields": {
			"name": "Felix Kammerer",
			"profile_path": "/T12faHW0QXunSZbv6YNmDWG7bC.jpg"
		}
	},
	{
		"model": "movies.actor",
		"pk": 1111158,
		"fields": {
			"name": "Albrecht Schuch",
			"profile_path": "/bYqsnHVbaLTnffo4Dj5UiyPBm4U.jpg"
		}
	},
	{
		"model": "movies.actor",
		"pk": 1820948,
		"fields": {
			"name": "Aaron Hilmer",
			"profile_path": "/wVVbhpjsDeC6GI9Pa37qqbuVhZd.jpg"
		}
	},
	{
		"model": "movies.actor",
		"pk": 212930,
		"fields": {
			"name": "Edin Hasanović",
			"profile_path": "/MW0VhzAHi3oMtnzNuESbpx02Wa.jpg"
		}
	},
	{
		"model": "movies.actor",
		"pk": 6086,
		"fields": {
			"name": "Devid Striesow",
			"profile_path": "/dV5Sdfa7ED8gkbof8pWuBfPR7lo.jpg"
		}
	},
	{
		"model": "movies.actor",
		"pk": 77517,
		"fields": {
			"name": "Isabelle Fuhrman",
			"profile_path": "/borthNRiTGa7oKZjLKHuUGUrZdq.jpg"
		}
	},
	{
		"model": "movies.actor",
		"pk": 12041,
		"fields": {
			"name": "Julia Stiles",
			"profile_path": "/9PJ6G5begxnZkkwvqZqMs0Iwn5o.jpg"
		}
	},
	{
		"model": "movies.actor",
		"pk": 58014,
		"fields": {
			"name": "Rossif Sutherland",
			"profile_path": "/25N7FFIGuPxSTCMqe0vrywzPwnv.jpg"
		}
	},
	{
		"model": "movies.actor",
		"pk": 2563029,
		"fields": {
			"name": "Matthew Finlan",
			"profile_path": "/eAyxxChemfnTDcWOFNDXxr5Zeh8.jpg"
		}
	},
	{
		"model": "movies.actor",
		"pk": 60719,
		"fields": {
			"name": "Hiro Kanagawa",
			"profile_path": "/dyWOPJmZTfy3r3R5eDY2d7yf8Ze.jpg"
		}
	},
	{
		"model": "movies.actor",
		"pk": 1018984,
		"fields": {
			"name": "Sofia Essaïdi",
			"profile_path": "/6OSQeJhTJ8nWG0VYtk876OIql0P.jpg"
		}
	},
	{
		"model": "movies.actor",
		"pk": 20671,
		"fields": {
			"name": "Assaad Bouab",
			"profile_path": "/zIqK5a0H3e6z2vFhRDdWQCMQIRT.jpg"
		}
	},
	{
		"model": "movies.actor",
		"pk": 110424,
		"fields": {
			"name": "Alberto Ammann",
			"profile_path": "/8jhuoxRvOTJFHmYh4kmCAZ8Mggj.jpg"
		}
	},
	{
		"model": "movies.actor",
		"pk": 26282,
		"fields": {
			"name": "Nicolas Cazalé",
			"profile_path": "/a1NyEPcJb5BR5l7tHutLP68Jn5D.jpg"
		}
	},
	{
		"model": "movies.actor",
		"pk": 1003260,
		"fields": {
			"name": "Nassim Lyes",
			"profile_path": "/hpj7xUY3Ui8qPYk8Aaui02JsVTm.jpg"
		}
	},
	{
		"model": "movies.actor",
		"pk": 54633,
		"fields": {
			"name": "Grace Caroline Currey",
			"profile_path": "/fhwQWWTwl8r613puGYKMyf9H8mQ.jpg"
		}
	},
	{
		"model": "movies.actor",
		"pk": 1279279,
		"fields": {
			"name": "Virginia Gardner",
			"profile_path": "/1DnNysK267b0te48KCkUlTKoTzj.jpg"
		}
	},
	{
		"model": "movies.actor",
		"pk": 47296,
		"fields": {
			"name": "Jeffrey Dean Morgan",
			"profile_path": "/m8bdrmh6ExDCGQ64E83mHg002YV.jpg"
		}
	},
	{
		"model": "movies.actor",
		"pk": 2174509,
		"fields": {
			"name": "Mason Gooding",
			"profile_path": "/bmlry1xqBzNgv8Chm783ss93Cvg.jpg"
		}
	},
	{
		"model": "movies.actor",
		"pk": 945542,
		"fields": {
			"name": "Jasper Cole",
			"profile_path": "/18mmNj8eKPn9a1n3G0yvy650Bd8.jpg"
		}
	},
	{
		"model": "movies.actor",
		"pk": 1267375,
		"fields": {
			"name": "Anna Akana",
			"profile_path": "/taJmE5h3inYhvrLXO7Dq9IMGhEp.jpg"
		}
	},
	{
		"model": "movies.actor",
		"pk": 18702,
		"fields": {
			"name": "Mark Dacascos",
			"profile_path": "/trOACuJz1KzhB51qe6asaxRuxrh.jpg"
		}
	},
	{
		"model": "movies.actor",
		"pk": 2252174,
		"fields": {
			"name": "Teresa Ting",
			"profile_path": "/saHbkcRxQpjlEhYJFGcFV8rfz2F.jpg"
		}
	},
	{
		"model": "movies.actor",
		"pk": 61632,
		"fields": {
			"name": "Dustin Nguyen",
			"profile_path": "/ejgR5tSZYZ9zC5jKQhG6vtHunvT.jpg"
		}
	},
	{
		"model": "movies.actor",
		"pk": 101626,
		"fields": {
			"name": "Dan Southworth",
			"profile_path": "/2DKM8LkytmWkiQjhq2QGO8n2P5H.jpg"
		}
	},
	{
		"model": "movies.director",
		"pk": 59521,
		"fields": {
			"name": "Jaume Collet-Serra",
			"profile_path": "/saAeTFfgt9YRAybXmzfmIz01UCB.jpg"
		}
	},
	{
		"model": "movies.director",
		"pk": 2218465,
		"fields": {
			"name": "Parker Finn",
			"profile_path": "/2HZPv0IUlxRqCpmgbk7KdovhQaF.jpg"
		}
	},
	{
		"model": "movies.director",
		"pk": 1056121,
		"fields": {
			"name": "Ryan Coogler",
			"profile_path": "/40n61jOMzHpDSnzLBQOSEEWlxEw.jpg"
		}
	},
	{
		"model": "movies.director",
		"pk": 3518356,
		"fields": {
			"name": "Marian Bushan",
			"profile_path": null
		}
	},
	{
		"model": "movies.director",
		"pk": 933176,
		"fields": {
			"name": "Damien Leone",
			"profile_path": "/kr58jbtYatTS6wuAn35pg2d5YQK.jpg"
		}
	},
	{
		"model": "movies.director",
		"pk": 1181315,
		"fields": {
			"name": "Paul Leyden",
			"profile_path": "/e3tTOMbqCNtY9k7QFPQLDi5iARj.jpg"
		}
	},
	{
		"model": "movies.director",
		"pk": 53348,
		"fields": {
			"name": "Petr Jákl",
			"profile_path": "/8zi7MXdHXWBIP6IuMFZB1HdWnGX.jpg"
		}
	},
	{
		"model": "movies.director",
		"pk": 66212,
		"fields": {
			"name": "Timo Vuorensola",
			"profile_path": "/pMxmMdBh5JyV5Uevy4eaAsrJiM7.jpg"
		}
	},
	{
		"model": "movies.director",
		"pk": 1099792,
		"fields": {
			"name": "John Patton Ford",
			"profile_path": "/42ZeeEusgZWzTBhd0GTcWXna1GA.jpg"
		}
	},
	{
		"model": "movies.director",
		"pk": 173847,
		"fields": {
			"name": "Harry Bradbeer",
			"profile_path": "/1fGaCCtKp3ZCXCkWRzOn4l7YnBE.jpg"
		}
	},
	{
		"model": "movies.director",
		"pk": 1074721,
		"fields": {
			"name": "Enrique Gato",
			"profile_path": null
		}
	},
	{
		"model": "movies.director",
		"pk": 26713,
		"fields": {
			"name": "Chuck Russell",
			"profile_path": "/vppcXI2uPEfsBK7vHEXJVrSuup1.jpg"
		}
	},
	{
		"model": "movies.director",
		"pk": 1564258,
		"fields": {
			"name": "Romuald Boulanger",
			"profile_path": "/t1i8zXWH6rEm9AeSYtvY1Ky7wvt.jpg"
		}
	},
	{
		"model": "movies.director",
		"pk": 1188208,
		"fields": {
			"name": "Guillaume Pierret",
			"profile_path": null
		}
	},
	{
		"model": "movies.director",
		"pk": 964826,
		"fields": {
			"name": "Chava Cartas",
			"profile_path": null
		}
	},
	{
		"model": "movies.director",
		"pk": 221522,
		"fields": {
			"name": "Edward Berger",
			"profile_path": "/aBpMZi6vqvY9tacRIALPnXpde2t.jpg"
		}
	},
	{
		"model": "movies.director",
		"pk": 62768,
		"fields": {
			"name": "William Brent Bell",
			"profile_path": "/f7BvvN72ZhESBQ7wrCVw8M4D9by.jpg"
		}
	},
	{
		"model": "movies.director",
		"pk": 52342,
		"fields": {
			"name": "Olivier Marchal",
			"profile_path": "/r4NRcHShGE9G0OvI8tSlh5DZMTU.jpg"
		}
	},
	{
		"model": "movies.director",
		"pk": 90812,
		"fields": {
			"name": "Scott Mann",
			"profile_path": "/8WygpUzfdfztZQqxGE5zn3rCedJ.jpg"
		}
	},
	{
		"model": "movies.director",
		"pk": 61703,
		"fields": {
			"name": "Ron Yuan",
			"profile_path": "/7Co2MdR8T5zlXTrdZ9Z3qjlmKdV.jpg"
		}
	},
	{
		"model": "movies.genre",
		"pk": 28,
		"fields": {
			"name": "액션"
		}
	},
	{
		"model": "movies.genre",
		"pk": 12,
		"fields": {
			"name": "모험"
		}
	},
	{
		"model": "movies.genre",
		"pk": 16,
		"fields": {
			"name": "애니메이션"
		}
	},
	{
		"model": "movies.genre",
		"pk": 35,
		"fields": {
			"name": "코미디"
		}
	},
	{
		"model": "movies.genre",
		"pk": 80,
		"fields": {
			"name": "범죄"
		}
	},
	{
		"model": "movies.genre",
		"pk": 99,
		"fields": {
			"name": "다큐멘터리"
		}
	},
	{
		"model": "movies.genre",
		"pk": 18,
		"fields": {
			"name": "드라마"
		}
	},
	{
		"model": "movies.genre",
		"pk": 10751,
		"fields": {
			"name": "가족"
		}
	},
	{
		"model": "movies.genre",
		"pk": 14,
		"fields": {
			"name": "판타지"
		}
	},
	{
		"model": "movies.genre",
		"pk": 36,
		"fields": {
			"name": "역사"
		}
	},
	{
		"model": "movies.genre",
		"pk": 27,
		"fields": {
			"name": "공포"
		}
	},
	{
		"model": "movies.genre",
		"pk": 10402,
		"fields": {
			"name": "음악"
		}
	},
	{
		"model": "movies.genre",
		"pk": 9648,
		"fields": {
			"name": "미스터리"
		}
	},
	{
		"model": "movies.genre",
		"pk": 10749,
		"fields": {
			"name": "로맨스"
		}
	},
	{
		"model": "movies.genre",
		"pk": 878,
		"fields": {
			"name": "SF"
		}
	},
	{
		"model": "movies.genre",
		"pk": 10770,
		"fields": {
			"name": "TV 영화"
		}
	},
	{
		"model": "movies.genre",
		"pk": 53,
		"fields": {
			"name": "스릴러"
		}
	},
	{
		"model": "movies.genre",
		"pk": 10752,
		"fields": {
			"name": "전쟁"
		}
	},
	{
		"model": "movies.genre",
		"pk": 37,
		"fields": {
			"name": "서부"
		}
	},
	{
		"model": "movies.provider",
		"pk": 8,
		"fields": {
			"name": "Netflix"
		}
	},
	{
		"model": "movies.provider",
		"pk": 119,
		"fields": {
			"name": "Amazon Prime Video"
		}
	},
	{
		"model": "movies.provider",
		"pk": 337,
		"fields": {
			"name": "Disney Plus"
		}
	},
	{
		"model": "movies.provider",
		"pk": 356,
		"fields": {
			"name": "wavve"
		}
	},
	{
		"model": "movies.provider",
		"pk": 97,
		"fields": {
			"name": "Watcha"
		}
	},
	{
		"model": "movies.provider",
		"pk": 350,
		"fields": {
			"name": "Apple TV Plus"
		}
	},
	{
		"model": "movies.provider",
		"pk": 96,
		"fields": {
			"name": "Naver Store"
		}
	},
	{
		"model": "movies.provider",
		"pk": 3,
		"fields": {
			"name": "Google Play Movies"
		}
	},
	{
		"model": "movies.provider",
		"pk": 11,
		"fields": {
			"name": "MUBI"
		}
	},
	{
		"model": "movies.provider",
		"pk": 100,
		"fields": {
			"name": "GuideDoc"
		}
	},
	{
		"model": "movies.provider",
		"pk": 190,
		"fields": {
			"name": "Curiosity Stream"
		}
	},
	{
		"model": "movies.provider",
		"pk": 521,
		"fields": {
			"name": "Spamflix"
		}
	},
	{
		"model": "movies.provider",
		"pk": 475,
		"fields": {
			"name": "DOCSVILLE"
		}
	},
	{
		"model": "movies.provider",
		"pk": 538,
		"fields": {
			"name": "Plex"
		}
	},
	{
		"model": "movies.provider",
		"pk": 546,
		"fields": {
			"name": "WOW Presents Plus"
		}
	},
	{
		"model": "movies.provider",
		"pk": 551,
		"fields": {
			"name": "Magellan TV"
		}
	},
	{
		"model": "movies.provider",
		"pk": 554,
		"fields": {
			"name": "BroadwayHD"
		}
	},
	{
		"model": "movies.provider",
		"pk": 559,
		"fields": {
			"name": "Filmzie"
		}
	},
	{
		"model": "movies.provider",
		"pk": 444,
		"fields": {
			"name": "Dekkoo"
		}
	},
	{
		"model": "movies.provider",
		"pk": 567,
		"fields": {
			"name": "True Story"
		}
	},
	{
		"model": "movies.provider",
		"pk": 569,
		"fields": {
			"name": "DocAlliance Films"
		}
	},
	{
		"model": "movies.provider",
		"pk": 315,
		"fields": {
			"name": "Hoichoi"
		}
	},
	{
		"model": "movies.provider",
		"pk": 677,
		"fields": {
			"name": "Eventive"
		}
	},
	{
		"model": "movies.provider",
		"pk": 692,
		"fields": {
			"name": "Cultpix"
		}
	},
	{
		"model": "movies.provider",
		"pk": 701,
		"fields": {
			"name": "FilmBox+"
		}
	},
	{
		"model": "movies.provider",
		"pk": 1771,
		"fields": {
			"name": "Takflix"
		}
	},
	{
		"model": "movies.provider",
		"pk": 309,
		"fields": {
			"name": "Sun Nxt"
		}
	},
	{
		"model": "movies.provider",
		"pk": 445,
		"fields": {
			"name": "Classix"
		}
	},
	{
		"model": "movies.provider",
		"pk": 1796,
		"fields": {
			"name": "Netflix basic with Ads"
		}
	}
]